Gerhild;Dutugauson;Dahlienweg 123;72818;Trochtelfingen;06623/977694922;gerhild.dutugauson60@gmx.de
Mara;Häsavademüller;Seestrasse 237;95163;Weißenstadt;078362/55863953;osuto92@gmail.de
Miguel;Silesege;Klosterstrasse 276;74595;Langenburg;0942/92416558;miguel.silesege95@gmx.de
Jann;Päluvoreson;Rosenweg 147;88326;Aulendorf;0439493/13714;jann.paeluvoreson82@email.com
Heiner;Lange;Jägerstrasse 145;98630;Römhild;0459781/692921387;usito82@gmail.com
Valentine;Schmitz;Mühlstrasse 201;07407;Remda-Teichel;08864/779162;iwofe80@test.de
Ivonne;Mediwede;Jägerstrasse 200;66606;St. Wendel;0518142/79625648;overi98@yahoo.de
Gisa;Lutoschatt;Meisenweg 61;02708;Löbau;07936/16173;isutu76@surfnet.de
Fabienne;Nurabodostein;Veilchenweg 284;59759;Arnsberg;0221/757848;fabienne.nurabodostein91@email.com
Angelique;Sediwedehein;Schulweg 162d;35285;Gemünden (Wohra);083628/96813;angelique.sediwedehein68@gmail.de
Dursun;Möwowatte;Buchenweg 144;24306;Plön;0423766/73182;dursun.moewowatte68@surfnet.de
Gerlinde;Jiregauson;Eichenweg 30;38889;Blankenburg (Harz);0635/37868;edepi57@yahoo.de
Lia;Müller;Dahlienweg 263;99638;Kindelbrück;0513986/683667;lia.mueller88@gmail.com
Trudel;Richter;Kirchstrasse 192;50374;Erftstadt;02946/973914629;aloko97@gmail.de
Hans-Werner;Podavarestein;Am Anger 160;48282;Emsdetten;08299/49778;usata84@gmail.de
Inga;Wetobu;Hochstrasse 139c;67742;Lauterecken;06289/35923738;atezi80@test.de
Britt;Lehmann;Lange Strasse 184;58566;Kierspe;0532/596136896;ulaka96@outloock.de
Bernadette;Hivihedehein;Hohe Strasse 237;01987;Schwarzheide;062971/37174132;bernadette.hivihedehein55@surfnet.de
Angela;Schäfer;Parkstrasse 91;84529;Tittmoning;0895579/6348454;angela.schaefer55@test.de
Sylvester;Zetivarehein;Kantstrasse 227;64678;Lindenfels;0442/99782983;sylvester.zetivarehein65@email.com
Ralf-Peter;Sitaplaustein;Wiesengrund 287;06385;Aken (Elbe);013367/35515866;atazi71@yahoo.de
Stanislav;Mülosadeweiner;Rathausstrasse 74;55774;Baumholder;099763/68747;atame66@email.com
Heinfried;Pöwehede;Rathausstrasse 159;73547;Lorch;03185/395144;uwofu79@gmail.de
Folkert;Besafare;Ahornweg 221;23730;Neustadt in Holstein;0347384/244872441;folkert.besafare71@t-online.de
Birgid;Petudihein;Poststrasse 228;55276;Oppenheim;085383/984649;utamu60@t-online.de
Manuel;Nävadamüller;Max-Planck-Strasse 220;44135;Dortmund;0635/462653;uliku60@outloock.de
Heimo;Löluwedemüller;Leipziger Strasse 228;74196;Neuenstadt am Kocher;0653313/91119493;etame75@gmx.de
Stephen;Tovuba;Finkenweg 16;08451;Crimmitschau;0252143/115667;aliko60@surfnet.de
Inken;Fuchs;Kapellenstrasse 120;65343;Eltville am Rhein;0727623/648193122;orole83@outloock.de
Dragan;Moribuweiner;Am Friedhof 217;74206;Bad Wimpfen;0248661/71884864;dragan.moribuweiner79@surfnet.de
Christel;Ruteba;Ulmenweg 57;31832;Springe;0875/25733114;christel.ruteba76@gmail.de
Constantin;Tetosede;Lerchenweg 110;06571;Wiehe;042957/59843494;esitu61@email.com
Julian;Schneider;Römerstrasse 80;59423;Unna;04969/793679;julian.schneider81@t-online.de
Margitta;Koch;Höhenweg 167a;08485;Lengenfeld;0523/4154426;margitta.koch77@outloock.de
Stephen;Wiluflodestein;Kirchgasse 27;66450;Bexbach;0712453/11581;ilaku74@test.de
Victoria;Büvovodeweiner;Waldstrasse 13;14823;Niemegk;0393566/57627235;owife55@gmail.com
Hedy;Häsido;Parkstrasse 291;39340;Haldensleben;0524/43975861;erili64@gmail.com
Elmar;Rüwefihein;Falkenweg 202;80331;München;0228/339264477;elmar.ruewefihein94@gmail.com
Rochus;Hofmann;Waldweg 217;49565;Bramsche;012546/126515785;itumi59@test.de
Jacob;Korebuweiner;Kirchplatz 155;99310;Arnstadt;03225/17889;asito56@gmail.de
Helmuth;Ritidistein;Holunderweg 227;31535;Neustadt am Rübenberge;043663/3761358;itima96@test.de
Rochus;Cötuvore;Mittelstrasse 3d;29462;Wustrow (Wendland);026177/62597199;alika95@gmail.com
Hedda;Kutevarestein;Parkstrasse 185;55116;Mainz;01493/435489781;hedda.kutevarestein72@gmx.de
Alena;Wedafledestein;Wacholderweg 102c;16559;Liebenwalde;0517/487156869;alena.wedafledestein97@t-online.de
Ildiko;Fütufoson;Gerhart-Hauptmann-Strasse 71b;26382;Wilhelmshaven;01123/874959627;itimo74@gmx.de
Harm;Jetovodeweiner;Kreuzweg 30;84524;Neuötting;0591/367557;iluka95@test.de
Ingeburg;Tirevodeweiner;Kapellenweg 115;65795;Hattersheim am Main;0625181/75992;ingeburg.tirevodeweiner86@gmx.de
Vitali;Viwugrode;Schulstrasse 63;39418;Staßfurt;08844/579682;osotu95@t-online.de
Klaus-Dieter;Bauer;Tannenweg 127;32791;Lage;018842/36366;klaus-dieter.bauer64@outloock.de
Cord;Moledu;Mittelweg 146;99448;Kranichfeld;083747/863654861;cord.moledu56@outloock.de
Gert;Vusufaremüller;Kapellenweg 149;40699;Erkrath;0168/361637113;ivare95@gmail.com
Monique;Kirugate;Seestrasse 118;93155;Hemau;067891/53195;monique.kirugate64@surfnet.de
Patrick;Jivamatthein;Lerchenweg 184;57223;Kreuztal;019878/536282;patrick.jivamatthein74@test.de
Giorgio;Schwarz;Jägerstrasse 162;97769;Bad Brückenau;0812121/855266573;giorgio.schwarz66@email.com
Sepp;Gudusege;Siemensstrasse 174;95152;Selbitz;01336/67165;sepp.gudusege86@email.com
Hans-Karl;Porefo;Robert-Bosch-Strasse 177;96110;Scheßlitz;07461/5433728;asete73@surfnet.de
Alfred;Jaravoreweiner;Römerstrasse 260;32052;Herford;031832/22268518;utizu94@gmx.de
Hans-J.;Schwarz;Südstrasse 55;04552;Borna;028294/814378;hans-j..schwarz59@test.de
Sophia;Gedebede;Weinbergstrasse 82;06108;Halle (Saale);0382895/6833831;itimi82@test.de
Ildiko;Taduvodemüller;Schwarzer Weg 111;96142;Hollfeld;0956237/769925375;ildiko.taduvodemueller99@yahoo.de
Toralf;Wasafimeiner;Frühlingstrasse 179;37441;Bad Sachsa;0649/736193923;toralf.wasafimeiner75@gmail.de
Kira;Petewede;Leipziger Strasse 166;58675;Hemer;0579/28418241;awefo85@surfnet.de
Milos;Jödubi;Kirchplatz 209;09484;Oberwiesenthal, Kurort;0396697/6621627;milos.joedubi54@gmail.com
Matthäus;Nuvusede;Weststrasse 13;36433;Bad Salzungen;0843144/7315996;matthaeus.nuvusede88@outloock.de
Hans;Zudovore;Südstrasse 166;16816;Neuruppin;0998/63896366;uvura54@outloock.de
Valeri;Kätevorehein;Finkenweg 74;07629;Hermsdorf;0813/3871181;valeri.kaetevorehein65@t-online.de
Liesbeth;Lalaflodeweiner;Eichenstrasse 101c;86732;Oettingen i.Bay.;0295/6746454;liesbeth.lalaflodeweiner93@gmx.de
Gero;Schröder;Lerchenstrasse 12;71717;Beilstein;0255128/47413;gero.schroeder72@yahoo.de
Frederic;Meselodemeiner;Bergweg 176;02742;Neusalza-Spremberg;02189/949164866;frederic.meselodemeiner80@email.com
Grit;Hartmann;Pestalozzistrasse 38;02943;Weißwasser/O.L.;08815/386373;grit.hartmann90@yahoo.de
Andrej;Hoffmann;Römerstrasse 84a;47546;Kalkar;0774594/4154371;andrej.hoffmann82@gmail.de
Kristian;Tivifiweiner;Höhenweg 56;77694;Kehl;0184/256372;otemo56@surfnet.de
Jenny;Fedahede;Marktstrasse 222d;73642;Welzheim;04272/42694873;ivori54@test.de
Teresa;Vidabi;Grüner Weg 225;42499;Hückeswagen, Schloss-Stadt;0129/91614;teresa.vidabi57@surfnet.de
Romuald;Schmitt;Holunderweg 93;35415;Pohlheim;0973454/99221674;romuald.schmitt88@gmx.de
Wladimir;Jusefareweiner;Kapellenweg 28a;96346;Wallenfels;0896/732756;wladimir.jusefareweiner59@test.de
Mechtild;Rätabestein;Fasanenweg 71;04736;Waldheim;028773/254653395;mechtild.raetabestein68@outloock.de
Romana;Notehede;Meisenweg 53;23936;Grevesmühlen;0998/84121655;romana.notehede94@test.de
Mariola;Sädibumeiner;Hochstrasse 221;35315;Homberg (Ohm);093531/3194755;mariola.saedibumeiner70@gmx.de
Christa;Catugedeweiner;Tannenstrasse 207;06108;Halle (Saale);0885165/844217881;christa.catugedeweiner74@t-online.de
Krystyna;Polabe;Lärchenweg 191;56294;Münstermaifeld;0959/85648565;krystyna.polabe95@email.com
Karl-Jürgen;Meyer;Eichenstrasse 236;52249;Eschweiler;051226/66144345;karl-juergen.meyer69@gmx.de
Ivo;Wagner;Friedhofsweg 291;61130;Nidderau;023299/19142664;utuza81@gmx.de
Mario;Natusadehein;Südstrasse 164;03116;Drebkau;071299/7685389;mario.natusadehein85@surfnet.de
Margaret;Köhler;Daimlerstrasse 217;99631;Weißensee;0234/7232371;uloku60@yahoo.de
Elma;Jüsagate;Grabenstrasse 17;49401;Damme;019882/63852993;itami59@test.de
Josefine;Meyer;Mittelstrasse 187;29303;Bergen;0848733/935748;asata96@t-online.de
Anja;Viwovodestein;Schulstrasse 186;65385;Rüdesheim am Rhein;02472/151259;anja.viwovodestein87@test.de
Henrik;Veladahein;Mühlstrasse 254;63225;Langen (Hessen);088182/74692;atezi69@gmail.com
Sofia;Felafledestein;Ulmenstrasse 92;82178;Puchheim;0718/72441;sofia.felafledestein67@gmail.com
Agata;Lowedoson;Schwalbenweg 115;74172;Neckarsulm;0416/81729;agata.lowedoson92@gmx.de
Andre;Schulze;Waldstrasse 93b;91560;Heilsbronn;038997/88971;owifa78@gmail.com
Boris;Lowusedemeiner;Sonnenstrasse 48;79423;Heitersheim;0254/162654647;aleka56@gmail.de
Hermine;Gorisedeson;Kreuzstrasse 100;74219;Möckmühl;0618/58784672;esito76@gmx.de
Slawomir;Neumann;Lessingstrasse 82;29303;Bergen;0151/56687;owafi58@gmail.de
Damaris;Siredason;Birkenweg 22;06895;Zahna-Elster;0595/54356;olike74@gmail.com
Milos;Jotobemüller;Hohe Strasse 8;09419;Thum;0727/43719;etemo74@test.de
Theodor;Herrmann;Wacholderweg 59;34582;Borken (Hessen);082957/791744348;utemi54@gmail.com
Ingetraud;Weber;Fliederweg 294;17348;Woldegk;049432/56354929;awofa88@test.de
Evamaria;Cotubedehein;Im Wiesengrund 13c;24782;Büdelsdorf;05555/8289524;atuze66@gmail.de
